132,246,2010,1080,798,1260,228,198,1062,936,630,2088,1482,2736,96,18,1242,300,48,858,738,42,12,1500,696,318,936,282,1050,1038,174,1236,240,792,2196,342,1860,174,420,792,42,246,414,912,648,78,192,1626,612,798,30,492,1290,492,840,162,804,564,642,450,804,366,1182,330,18,438,264,2508,360,486,1140,1872,552,114,48,42,960,1458,462,1740,432,522,1104,216,804,12,126,2298,264,54,132,318,2220,312,432,1902,774,108,96,1662,348,306,384,966,1758,3456,324,888,1872,210,18,714,1206,354,60,996,906,414,1452,978,2796,720,60,876,396,804,522,780,6,1002,1842,2406,396,978,138,504,636,912,168,174,180,684,906,384,972,1092,3258,60,702,222,30,912,324,132,42,474,72,198,1056,450,852,942,1176,3900,972,162,708,1824,366,558,600,1488,96,768,396,780,6,492,648,258,6,48,30,84,24,438,204,510,162,372,96,252,312,390,138,444,36,426,2754,522,342,1644,942,690,1356,450,96,840,810,546,1128,96,138,108,30,126,102,120,324,60,6,36,312,54,228,66,192,24,30,174,66,36,222,120,96,1860,180,180,3198,66,54,2412,1428,2340,54,234,168,930,288,1548,2088,186,270,24,330,6,78,180,282,768,354,2202,774,822,234,84,78,1218,1452,336,372,1650,348,1872,1062,54,462,78,60,498,36,432,138,210,276,66,36,54,966,102,156,444,168,30,48,54,234,60,360,258,318,6,168,132,66,108,78,186,468,84,36,186,36,408,222,60,114,216,96,54,120,384,66,18,6,4098,348,162,96,120,24,420,252,114,330,306,2466,1098,1230,1338,108,180,18,96,18,6,300,132,66,168,24,6,12,12,24,144,144,24,30,60,78,54,96,78,66,204,24,12,90,60,72,6,30,126,108,114,42,66,6,372,84,18,156,24,12,150,198,24,60,30,24,18,36,30,36,18,180,66,126,36,216,48,24,138,24,126,36,30,12,108,78,198,210,42,108,66,90,24,66,30,18,150,54,42,6,186,30,144,6,186,144,66,6,36,78,60,60,18,294,72,138,42,60,6,24,60,66,54,60,54,198,126,126,60,24,48,66,6,150,42,180,54,6,138,12,60,18,18,48,6,114,18,24,72,168,18,90,84,42,78,24,6,60,78,42,240,60,84,30,108,78,48,132,60,60,18,78,138,84,150,30,54,60,24,12,6,12,36,42,78,72,18,18,36,60,6,18,36,36,24,24,12,60,12,12,24,42,36,90,30,6,24,24,54,36,60,36,78,54,24,18,78,12,72,54,12,18,228,12,6,6,6,6,6,6,6,54,12,6,84,12,24,6,12,36,42,6,78,90,6,6,6,24,6,12,30,6,18,12,12,12,12,12,18,24,18,24,24,12,6,6,24,84,6,42,12,48,12,60,78,12,12,12,24,12,36,6,24,12,36,54,18,48,54,6,18,6,18,6,42,54,6,18,54,48,30,24,102,30,18,96,6,24,30,18,30,6,54,30,54,18,54,36,12,12,12,6,12,30,6,18,18,18,30,24,12,24,36,18,12,30,6,42,36,24,18,24,12,24,12,12,24,6,24,6,12,12,30,6,12,36,6,30,66,24,18,18,24,48,6,12,12,36,6,36,18,24,24,12,24,6,6,6,18,66,18,12,6,18,6,30,12,12,18,6,6,6,12,18,6,6,12,36,18,12,24,6,6,36,36,48,12,12,18,6,12,24,6,18,24,30,6,12,18,12,12,18,30,18,6,6,12,6,6,12,24,24,18,24,6,18,24,18,6,6,6,12,6,6,30,6,6,18,12,18,18,6,18,12,12,6,12,6,12,6,12,6,12,24,12,6,6,24,12,6,48,12,6,24,12,6,12,18,12,6,42,6,12,12,30,24,6,6,12,12,6,6,24,42,6,6,6,6,12,12,6,6,6,6,6,6,24,6,6,12,6,6,30,12,6,12,6,24,6,12,6,6,6,12,12,12,18,6,6,6,6,12,36,18,6,6,6,6,6,12,6,6,6,6,6,6,6,6,12,12,6,6,6,24,6,18,12,6,12,6,6,6,6,6,6,6,6,6,18,12,6,6,6,6,6,6,12,18,6,6,6,6,12,6,18,6,6,6,6,6,6,6,6,6,12,12,12,6,12,6,6,12,12,6,12,6,6,6,12,12,6,12,18,6,6,6,36,6,6,6,12,18,6,6,12,18,18,6,6,6,6,12,6,6,12,6,6,6,6,6,6,6,6,12,6,6,6,6,6,12,6,6,6,6,6,6,12,6,6,6,6,6,6,18,18,6,12,12,30,18,12,6,12,12,6
132,246,2010,1080,798,1260,228,198,1062,936,2634,174,2832,1698,150,276,2730,1158,1176,3336,168,552,2502,1662,1230,384,222,636,84,1272,396,24,1296,522,768,30,1404,600,324,120,564,1086,756,504,1164,2256,1686,984,600,1314,336,636,438,1038,1224,630,600,642,954,678,420,240,936,576,1542,90,498,1650,522,468,522,48,1698,3180,78,90,756,1380,234,564,804,1644,1128,762,222,564,1242,2676,204,336,1104,234,624,1278,3024,894,1500,36,42,498,276,48,492,402,102,132,840,120,516,3672,576,90,642,90,726,318,372,318,270,174,636,6,90,624,378,102,408,444,666,528,684,750,18,354,1134,1908,546,1530,1296,2100,384,24,6,432,1140,480,2586,612,30,1638,486,732,1278,120,48,2046,174,96,1146,96,864,642,450,726,12,240,600,3198,300,654,66,324,3456,810,36,66,408,372,12,192,1584,408,498,1020,1722,1380,210,240,24,60,42,114,930,192,54,114,102,234,24,120,102,786,30,138,126,306,48,72,90,60,198,84,30,210,162,6,180,60,24,48,522,126,24,18,492,252,102,60,342,78,228,6,126,54,90,6,42,162,36,378,138,366,312,6,186,228,198,66,54,264,90,1194,174,6,342,90,12,138,126,78,72,240,132,324,120,12,264,12,6,60,234,54,24,276,144,6,366,66,30,66,96,72,132,318,114,144,132,444,516,210,192,48,204,126,138,126,252,54,42,372,96,186,6,90,120,78,234,144,54,144,60,24,78,102,18,78,12,24,102,30,12,84,12,66,78,114,78,84,72,204,12,78,108,96,6,42,36,30,24,60,102,6,90,120,228,114,96,66,18,120,396,36,60,36,78,126,6,78,102,48,156,36,60,42,12,18,114,54,30,42,30,126,12,60,90,102,138,36,18,204,48,174,60,66,30,54,48,12,276,6,24,42,6,48,36,24,18,6,30,6,144,60,48,186,42,12,36,138,6,42,114,150,60,240,36,96,198,78,12,60,12,66,6,114,12,54,102,90,12,54,12,18,24,102,6,12,102,114,36,42,24,6,12,18,6,42,102,60,54,84,54,30,6,18,108,132,18,252,126,102,42,42,60,6,36,30,18,12,60,6,6,30,12,42,120,6,42,36,24,72,102,30,144,66,24,6,72,30,42,30,18,6,6,42,66,48,36,36,42,36,12,6,30,66,18,6,78,6,6,6,24,6,12,72,6,48,12,6,6,36,36,30,12,168,12,78,24,6,6,24,6,60,132,12,60,30,30,12,24,6,6,30,12,12,12,24,54,30,18,24,24,48,6,30,132,6,60,60,18,96,30,36,114,6,6,42,54,6,6,12,6,24,150,6,12,18,18,24,18,24,66,96,66,36,36,6,6,12,6,30,18,12,72,6,18,54,24,60,6,60,6,36,48,54,18,18,18,36,42,12,12,6,24,24,6,18,6,30,6,24,6,48,18,18,18,30,30,42,30,6,90,18,6,6,6,6,24,18,30,18,6,30,12,24,12,42,6,48,6,6,12,12,12,12,42,18,6,6,60,18,24,48,12,60,6,18,30,24,90,6,30,60,54,42,12,24,42,12,24,42,36,6,18,6,6,6,6,6,12,18,24,12,6,12,12,12,6,12,42,6,6,30,30,6,6,12,18,12,6,6,18,6,6,24,6,6,24,12,12,12,18,6,6,42,24,24,18,6,6,6,6,42,6,24,18,18,24,6,42,12,6,6,6,6,36,6,6,30,6,6,12,6,30,12,30,6,6,6,6,6,6,30,30,18,36,18,6,42,6,24,18,18,6,6,6,6,12,6,6,18,18,42,12,18,6,6,6,12,12,12,6,6,12,6,24,12,6,18,6,6,6,6,6,18,6,12,12,6,18,6,6,18,6,6,12,18,6,36,6,6,6,12,12,12,6,6,12,6,12,12,12,6,12,12,24,6,18,6,24,12,6,6,6,6,6,6,6,6,18,30,6,24,6,6,6,18,18,18,12,18,6,12,12,6,12,6,6,6,6,12,12,6,6,6,12,6,6,12,24,6,6,6,6,6,6,6,6,6,6,6,6,6,6,6,6,12,12,12,6,6,12,12,6,6,6,6,6,12,6,6,6,12,6,18,12,6,12,6,6,6,12,6,6,6,6,12,6,6,6,6,6,6,12,12,6,6,18,12,6,12,6,6,6,6,6,6,6,6,6,12,12,6,6,18,6,6,6,12,6,12,36,6,6,6,6,6,6,6,6,6,6,6,18,6,6,6,6,6,6,6,6,6,6,18,6,18,6,6,6,6,24,6,6,6,6,6,6,6,24,6
132,246,2010,1080,798,1260,228,198,1062,936,2634,2892,1698,150,4476,3336,168,552,390,3198,1404,18,72,552,1152,342,1794,1476,342,378,750,2916,2220,408,2052,4470,810,270,1014,222,252,462,780,1074,3288,1002,60,882,66,1086,1908,306,198,102,1290,306,1572,846,1122,420,372,2466,396,420,330,36,132,324,1434,1128,78,774,342,72,306,54,90,114,114,1182,150,6,306,1206,252,96,78,126,72,264,30,318,270,342,186,198,6,1068,168,210,42,78,300,384,54,576,84,30,498,6,600,1308,612,204,474,732,876,192,918,150,210,78,216,168,756,570,84,24,66,618,6,90,192,426,48,12,18,126,42,228,768,114,36,96,90,138,480,288,168,390,762,228,426,204,126,24,558,228,198,138,96,66,180,6,84,156,222,378,54,366,36,66,246,474,60,204,252,456,18,48,150,1050,540,144,12,450,768,60,246,300,36,60,204,18,36,12,108,150,72,144,30,66,186,24,114,12,120,30,168,42,756,288,156,180,48,300,270,24,264,198,210,150,60,48,180,162,42,36,120,276,756,378,102,6,270,54,606,162,102,24,84,270,96,180,204,162,36,30,12,204,12,696,246,246,48,30,24,42,18,360,150,138,414,18,6,102,18,66,18,228,150,18,126,414,228,150,84,78,72,78,6,120,30,12,156,42,6,120,6,90,78,18,18,48,18,18,522,222,24,18,120,216,168,132,150,66,60,96,84,24,234,318,48,12,18,102,234,54,132,216,270,6,18,36,102,210,60,12,54,78,36,18,42,66,150,6,354,222,90,96,54,84,12,36,30,6,84,108,216,90,42,24,12,6,30,6,144,372,48,156,72,138,30,42,42,54,318,72,78,66,84,24,12,30,210,60,18,84,18,120,6,18,6,6,24,42,252,12,108,174,24,36,102,24,102,24,48,12,12,6,6,42,30,18,12,42,108,6,258,48,168,42,6,30,54,60,30,6,90,90,6,12,54,96,36,84,72,24,42,18,66,48,12,54,48,36,6,78,24,18,6,24,66,12,96,12,6,24,84,114,12,54,108,90,18,42,48,120,12,72,12,30,24,144,12,36,48,30,12,174,12,54,6,24,18,30,24,90,30,30,78,12,6,24,6,30,6,12,12,42,6,6,12,168,30,18,24,6,12,24,24,60,42,144,12,18,30,102,6,6,6,18,66,18,12,6,18,78,54,24,48,12,24,102,24,42,24,42,18,6,24,6,6,156,24,90,24,42,66,24,60,42,18,132,6,24,6,12,24,42,48,60,72,24,12,18,18,18,48,66,30,36,30,24,24,6,6,18,66,72,48,12,36,24,18,6,12,30,6,36,24,6,12,6,6,12,6,42,6,24,36,30,48,18,6,12,24,12,60,24,6,6,30,18,6,6,18,60,30,12,6,6,108,36,6,12,24,6,12,18,42,18,6,12,12,6,6,24,30,18,6,138,12,12,24,24,24,6,6,12,24,6,6,18,24,30,6,12,12,24,18,6,12,6,6,36,18,24,6,6,18,6,12,18,12,12,42,6,6,42,6,24,12,24,12,30,12,24,12,12,18,12,6,6,42,54,6,24,6,12,18,24,6,6,12,30,6,18,24,18,12,6,6,6,30,12,12,24,12,30,6,6,12,6,6,6,6,12,30,6,6,6,12,6,12,6,6,12,12,24,12,18,18,30,24,12,30,6,6,6,6,6,6,6,12,6,6,6,30,12,18,18,60,12,18,6,12,12,12,6,12,12,12,6,6,36,18,6,6,6,18,6,12,12,12,6,6,6,12,6,6,12,12,12,6,6,6,6,6,12,6,6,18,6,30,6,6,18,6,6,12,6,12,6,6,6,18,6,18,24,6,12,24,6,6,12,6,18,6,6,6,12,6,18,6,18,12,6,6,6,6,6,18,12,12,24,24,6,36,18,12,12,12,12,6,12,12,12,12,18,6,12,6,12,12,6,12,6,6,6,6,6,12,18,6,12,18,12,6,6,6,6,18,6,18,18,6,12,6,6,6,12,6,6,6,6,6,6,6,6,6,6,6,12,6,12,6,24,6,6,6,6,18,12,6,6,12,6,6,6,6,6,6,6,6,6,6,6,6,12,6,6,12,6,12,6,6,6,24,6,6,6,6,12,12,6,12,12,6,18,12,18,6,6,12,6,6,6,6,6,6,6,12,6,6,12,6,6,6,6,6,6,6,6,6,18,6,6,6,6,6,6,6,12,6,18,6,18,12,6,6,6,6,12,6,6,6,6,6,12,6,12,6,12,6,6,6,6,6,6
132,246,1080,822,1884,1038,132,666,126,2640,552,1170,774,2244,276,186,132,1896,654,540,1230,66,1080,456,132,252,750,354,594,126,36,48,1266,270,114,666,168,1416,1218,510,108,126,300,456,54,66,420,18,528,132,1050,36,126,1128,240,930,402,54,420,258,774,18,24,1452,1056,102,42,18,816,24,66,624,1176,882,702,246,162,1302,168,84,564,558,132,1578,174,6,222,60,552,1842,1212,48,654,342,678,78,144,354,288,1794,312,1134,708,60,348,1386,2790,942,72,36,654,324,384,396,24,24,228,990,834,378,276,90,462,786,180,156,204,60,1008,252,72,72,204,60,24,108,84,390,78,276,570,1338,798,318,456,366,852,114,192,426,630,228,216,444,426,12,1038,726,696,780,684,3546,750,324,552,2526,1614,288,822,2238,186,1128,108,72,600,2214,2178,1818,204,1056,132,1464,36,822,132,396,330,90,498,1260,876,174,246,348,144,282,708,156,204,1854,150,282,162,2226,1446,24,462,54,1242,180,318,36,1020,1638,552,930,30,702,1350,30,132,252,294,186,168,474,276,12,138,36,138,258,312,252,318,54,18,60,12,48,66,144,216,60,24,24,678,1386,2988,258,114,1128,1068,912,456,36,198,216,54,96,666,492,96,108,1554,1290,510,1224,612,762,612,2292,348,600,210,354,354,42,90,36,744,654,138,30,132,120,60,126,300,234,6,66,24,1542,1566,1560,186,312,30,96,1320,18,6,66,234,54,78,36,108,18,24,48,192,36,438,114,72,30,24,90,78,36,24,210,96,66,120,402,24,192,24,36,24,90,60,150,852,1992,174,186,144,210,6,132,270,348,342,186,246,12,258,468,18,258,570,564,708,702,120,84,42,30,186,12,6,120,36,246,18,138,234,96,216,6,36,306,24,114,24,12,36,24,6,84,66,60,114,54,36,36,6,42,42,102,90,36,66,36,54,6,78,90,84,18,6,18,6,228,12,18,210,72,168,12,120,114,90,90,252,66,42,18,48,240,126,12,6,6,150,36,48,30,66,36,42,42,24,120,228,24,12,72,234,60,12,162,204,12,24,12,18,60,66,258,12,24,18,30,96,156,48,96,6,6,24,24,36,12,36,78,84,66,60,78,90,18,198,18,18,18,36,36,90,96,60,90,150,60,72,24,210,54,102,36,66,24,12,6,12,36,18,48,12,30,66,24,30,24,18,78,24,78,12,6,36,12,6,18,120,96,132,72,36,30,12,36,60,6,42,12,30,48,24,30,66,66,48,204,66,6,24,18,84,144,42,42,30,204,30,84,42,12,48,144,24,144,84,60,24,42,24,6,18,30,30,24,24,108,66,54,6,96,90,12,102,12,114,108,6,12,18,18,54,12,84,6,30,18,18,54,36,48,12,12,12,24,6,48,6,42,24,48,126,114,12,48,12,48,54,30,6,12,36,12,42,12,6,6,48,48,6,24,24,6,60,12,6,18,24,36,30,36,18,24,30,72,6,60,6,6,96,66,6,6,132,6,42,18,84,54,60,12,12,30,12,48,60,18,12,12,12,12,42,12,36,138,6,78,90,36,6,42,36,42,48,18,12,30,18,36,36,30,42,12,6,6,6,6,48,36,18,30,6,36,18,6,54,24,6,42,72,18,6,24,48,18,6,12,30,36,114,48,30,42,54,60,36,6,60,12,96,36,12,18,6,6,6,30,12,18,90,60,6,12,12,24,126,42,48,90,12,36,6,18,6,36,30,6,54,42,36,66,30,42,30,36,30,12,30,12,6,6,6,30,90,6,6,6,18,12,96,6,36,42,36,48,18,24,36,36,36,36,6,12,12,18,48,18,42,6,48,36,18,6,48,18,48,6,60,66,114,174,42,18,48,42,36,66,48,36,30,6,12,6,24,36,6,12,18,36,42,18,24,6,12,18,78,30,30,66,6,60,12,60,18,12,30,12,42,6,12,6,42,6,24,6,42,66,12,18,18,18,12,24,12,6,18,30,42,12,48,24,12,18,12,54,6,24,96,6,84,42,42,6,42,12,24,24,12,18,30,54,18,6,24,6,30,276,24,30,24,6,12,66,36,24,30,24,24,12,60,36,78,42,12,12,6,72,54,78,18,36,6,12,96,24,108,114,18,6,12,36,54,6,18,36,90,12,36,78,36,18,66,24,54,30,60,30,36,12,12,24,96,18,6,30,12,78,6,18,36,18,36,36,18,36,60,24,18,114,6,30,12,6,18,12,96,6,144,72,6,102,96,6,6,6,6,48,12,18,126,6,18,48,36,48,6,18,18,6,18,18,120,24,18,60,30,18,18,54
132,246,2010,1080,798,1260,228,198,1062,936,630,894,366,4956,96,18,3198,648,792,3258,60,216,1476,168,426,120,528,726,924,1386,870,408,954,2622,324,396,24,1272,1542,1776,492,672,1326,168,72,1008,114,102,186,90,168,132,258,198,18,90,366,696,480,1224,1338,576,420,108,564,1332,882,744,1302,96,858,510,522,354,306,1368,714,60,588,78,360,264,930,606,78,882,750,360,126,378,36,114,528,456,138,1800,3972,348,666,108,1188,1650,726,642,876,1674,606,48,114,906,162,2952,30,270,228,420,216,60,138,78,42,594,756,1320,132,276,48,120,558,606,204,690,324,558,138,294,372,48,744,186,126,48,336,162,102,180,1608,306,1896,186,444,210,24,162,102,36,354,210,84,36,102,54,360,42,426,162,30,276,258,12,6,12,1506,318,330,126,396,210,162,552,528,2142,1470,1050,408,648,102,1134,1392,12,762,438,1368,1074,1818,156,1680,120,228,1200,222,462,1338,492,1326,1404,2700,702,180,2358,744,612,252,1026,390,2496,888,876,504,630,906,12,2682,240,216,168,510,306,246,342,1092,828,24,270,1062,606,1152,2562,570,84,336,1836,30,180,48,1728,354,204,222,1614,294,840,168,312,204,78,966,90,288,66,648,120,666,300,168,174,144,258,264,66,18,108,96,246,510,252,234,60,114,78,96,198,66,72,306,54,30,312,426,120,264,84,66,186,30,114,150,48,186,234,600,60,534,360,474,108,54,18,606,264,24,354,48,276,78,420,186,6,48,138,6,108,54,42,438,168,174,402,60,42,108,210,84,282,24,132,12,6,102,198,96,72,96,120,42,24,486,240,6,660,42,150,84,48,30,132,30,12,54,18,54,90,18,30,138,126,114,78,42,90,270,108,138,54,66,150,114,60,234,36,48,186,114,6,66,102,24,12,12,126,144,60,72,60,12,12,126,36,48,36,264,114,42,30,18,60,24,108,30,108,36,12,30,186,90,18,96,6,42,204,42,24,162,24,48,72,300,60,72,6,12,12,120,78,204,258,36,48,6,36,6,42,168,36,78,30,156,72,6,24,90,60,6,48,126,6,6,30,12,96,144,60,12,12,24,66,66,30,6,42,96,6,54,60,24,96,78,18,60,12,90,60,48,12,18,6,30,6,36,12,36,84,30,30,6,60,12,6,18,30,6,24,18,54,6,6,198,12,24,42,18,36,36,24,36,60,66,42,42,30,18,72,42,18,42,24,24,96,24,36,6,12,18,12,36,6,6,24,60,54,108,36,126,54,18,18,132,12,12,6,114,18,6,6,48,132,6,144,12,18,48,6,48,18,30,48,18,150,6,36,18,12,132,6,12,36,18,24,36,12,6,6,30,6,18,18,36,18,18,42,12,6,18,54,6,6,144,24,6,12,42,18,12,6,108,84,6,12,30,6,30,6,12,12,24,36,6,12,6,30,30,54,24,78,30,30,42,120,48,6,24,12,30,36,24,48,12,6,30,30,12,12,18,48,6,12,72,54,18,30,6,12,36,24,6,12,42,48,108,12,12,12,18,30,18,18,18,36,6,18,30,30,6,48,6,6,12,12,24,6,24,6,36,18,6,24,60,18,12,6,36,24,30,30,6,12,6,18,12,24,12,60,6,6,36,12,18,6,6,18,6,36,24,6,6,6,6,6,12,18,24,24,36,18,42,18,6,6,18,24,30,18,30,12,36,6,6,24,6,12,12,24,6,6,6,12,6,12,6,24,6,24,6,6,18,6,6,6,18,12,12,18,6,18,24,24,18,24,6,6,6,18,18,12,6,6,18,12,24,24,6,18,12,6,18,6,12,24,6,24,12,6,12,6,24,6,12,12,12,6,12,6,18,18,12,6,6,6,12,6,12,6,12,6,6,12,6,6,6,18,18,6,6,6,6,6,6,6,6,6,12,12,12,18,18,12,6,6,6,18,30,12,6,12,6,6,6,6,6,6,6,6,6,6,6,6,6,6,6,6,6,6,6,6,6,6,12,12,6,18,6,6,12,18,24,6,6,12,6,6,6,6,6,6,6,6,6,6,6,6,6,6,12,6,6,6,12,6,6,6,18,6,6,6,6,12,12,6,6,6,6,6,6,6,6,24,6,6,6,12,18,6,6,6,6,12,6,24,6,6,6,18,6,6,6,12,6,6,6,18,6,6,6,6,12,6,6,30,6,6,6,24,6,6,6,6,12,12,12,6,6,18,6,6,6,6,6,6,6,18,12,6,12,6,6,12,6,12,12,6,6,6,6,6,6,6,6,6,18,6,18,6,6,6,6,12,6,12,6,6
132,246,2010,1080,798,1260,228,198,1062,936,630,2088,1482,2736,96,18,3582,426,1422,870,1068,444,246,246,690,1290,84,210,732,696,1716,1440,60,2190,942,1914,18,420,2172,1170,870,168,1326,168,654,318,666,978,1506,1536,690,90,1572,516,828,2418,978,402,498,1206,354,360,720,714,3048,900,2052,348,204,2058,1416,750,960,576,2490,396,264,936,126,420,1842,774,714,906,270,294,942,66,588,756,1188,1338,2292,1314,186,276,2166,24,900,528,5418,432,294,2448,564,72,120,258,24,96,2910,366,1458,672,66,150,642,648,42,3120,1086,564,1302,36,144,3606,1374,822,150,366,72,450,696,576,396,84,3786,1110,618,162,354,24,612,1902,840,12,450,240,312,1080,108,192,234,96,330,492,78,216,120,12,60,1812,150,300,654,528,6,420,2292,3210,6,192,306,1056,30,1434,36,1692,498,1578,726,60,3144,528,552,240,120,2436,786,12,270,348,504,336,432,228,12,192,738,144,546,456,624,306,228,6,228,768,234,384,78,48,396,222,2388,1212,1314,4626,1692,396,30,42,654,168,600,696,168,2160,384,144,1512,2778,1776,702,534,384,78,678,1194,30,390,1242,594,138,972,1494,66,396,372,348,300,138,240,888,720,1536,60,1104,102,480,216,96,1170,66,840,1914,6,342,432,18,228,84,870,2634,60,468,336,120,84,336,450,120,144,1146,324,1308,852,3420,864,168,306,528,72,1188,954,588,570,942,750,108,12,36,126,234,342,6,60,1080,660,264,150,138,210,162,276,462,132,294,330,72,300,132,276,276,60,192,84,72,48,36,24,354,78,30,270,54,96,1338,1254,2448,102,1584,840,1164,870,372,2286,54,234,474,234,1182,480,72,402,498,522,750,858,126,186,54,174,78,282,108,1524,1656,894,552,558,1026,852,12,810,1398,240,258,12,156,90,54,108,66,114,486,168,162,354,36,660,4434,156,36,84,480,180,480,36,30,18,504,48,366,6,42,12,180,150,246,2388,1902,168,258,1812,570,372,192,468,900,12,6,138,336,216,96,6,24,102,216,156,30,246,42,132,36,72,150,72,210,66,18,42,18,198,228,306,156,36,72,270,348,96,174,282,30,1896,528,12,54,162,258,216,48,180,318,324,12,6,84,18,48,12,12,96,162,192,24,48,108,12,282,1482,402,60,198,18,12,36,18,90,486,12,468,84,30,84,60,42,54,132,54,36,54,18,78,42,108,168,6,18,96,90,222,24,150,18,252,30,30,78,18,18,18,48,36,24,36,6,6,12,12,186,90,84,108,126,42,60,30,6,78,90,18,144,30,78,48,42,36,6,108,12,78,102,18,84,120,48,12,42,18,90,18,12,6,12,18,18,36,90,30,48,18,66,72,84,180,18,150,18,48,18,54,102,18,102,72,12,30,6,48,24,12,60,42,6,18,30,6,42,78,12,36,30,186,24,36,18,60,90,12,48,48,60,30,6,6,18,48,36,42,24,6,24,18,24,18,78,12,24,30,18,18,12,6,60,12,12,6,18,42,42,48,12,60,66,18,6,6,18,6,96,120,6,18,6,18,18,18,12,24,6,18,78,48,60,12,18,102,6,30,6,30,12,54,12,30,42,6,36,12,18,42,24,18,18,18,18,12,48,48,12,36,48,18,48,42,18,48,42,6,18,162,12,6,18,6,36,78,6,6,42,6,36,18,18,6,6,12,6,18,12,18,6,6,18,24,12,42,66,6,6,6,6,6,30,42,12,24,18,24,6,24,6,12,6,36,6,42,6,12,18,30,6,6,6,12,12,6,6,6,12,18,6,18,30,6,6,24,18,42,30,42,6,12,48,36,30,24,6,18,36,12,6,6,12,6,24,12,12,6,12,6,12,18,12,12,6,24,18,6,12,12,24,24,6,18,12,6,18,12,24,12,12,6,18,18,12,12,12,12,12,6,24,42,6,6,6,30,6,6,6,6,6,6,6,12,6,12,12,30,6,18,36,6,6,6,6,18,6,6,6,6,30,12,6,66,6,12,6,6,12,12,6,60,12,6,30,6,12,6,12,6,6,6,12,12,6,6,6,18,6,6,24,6,6,12,6,6,6,6,12,12,18,12,6,6,18,6,18,6,6,6,12,12,6,6,6,12,6,6,6,12,12,6,6,30,6,6,6,12,12,12,6,6,6,12,6,6,6,12,6,6,12,6,6,6,6,12,12,6,6,18,6,6,6,6,12,6,12,12,6,24,12,6,12,6,6,6,6,18,6,6,6,6,6,12,6,6,12,18,18,6,6,6,12,24,6,6,6,6,6,6,24,6,6,6,24,6,12,18,6,6,6,12,6,18,6,6
132,246,2010,1080,798,1260,228,198,1062,324,744,684,336,2580,1632,414,324,468,1644,918,150,234,690,1218,42,12,1500,696,1392,588,1968,156,654,30,210,1764,342,612,720,354,1398,456,150,270,18,558,972,174,918,900,942,180,66,888,72,1386,210,48,288,1356,402,36,90,456,660,234,12,138,114,120,1074,132,306,234,762,168,108,390,156,528,42,186,330,450,264,72,138,30,336,60,96,576,474,708,348,102,330,264,54,198,648,174,726,12,84,54,168,534,204,564,60,36,258,606,24,6,42,90,198,216,1272,12,120,138,2424,66,276,84,240,756,12,762,996,396,300,342,312,18,912,636,60,114,192,6,558,60,312,234,54,198,36,228,78,318,480,78,240,252,60,84,246,96,414,114,222,168,258,156,990,48,348,12,6,258,414,54,90,30,42,60,162,114,6,30,402,210,192,24,162,60,144,222,180,738,558,372,372,312,102,162,408,444,102,1002,114,582,120,276,246,144,186,30,30,198,84,456,48,18,384,24,108,444,48,54,90,384,60,72,30,114,222,24,54,228,18,192,30,36,108,204,132,42,174,54,36,24,372,264,366,66,72,108,510,78,42,48,18,234,60,24,12,12,234,78,270,222,258,48,210,42,324,60,42,18,222,12,54,432,78,96,84,84,156,66,126,120,144,396,54,6,24,42,192,72,54,162,96,132,60,18,150,6,162,24,54,24,30,282,180,210,162,198,186,42,108,30,24,114,24,30,60,18,60,24,120,336,96,162,174,102,12,48,276,120,420,138,30,126,96,12,108,84,60,96,36,6,150,30,264,6,42,12,72,24,6,54,198,156,48,84,372,30,48,156,270,210,84,6,426,90,150,90,72,60,102,6,174,18,78,270,60,78,60,18,132,72,6,6,12,24,210,54,294,60,120,18,180,42,60,12,6,300,42,144,12,486,48,36,42,108,12,36,276,42,48,162,48,18,60,84,150,132,54,78,54,216,156,66,120,6,108,240,6,390,114,6,48,132,78,174,72,48,288,78,30,108,54,96,24,24,66,36,90,108,96,18,192,12,6,162,66,234,84,384,72,72,120,138,42,138,162,30,174,114,72,42,24,12,174,198,234,108,30,30,84,12,30,90,54,162,18,24,18,72,120,48,54,72,42,96,24,84,30,102,42,72,78,6,60,198,48,252,78,114,90,48,210,156,102,204,162,66,66,42,42,30,222,396,66,72,78,138,66,60,6,42,24,84,6,72,12,186,72,30,30,66,96,18,72,36,114,156,36,102,12,6,96,18,84,66,42,30,90,78,60,18,18,12,114,18,24,78,42,114,36,6,108,18,18,48,48,30,54,48,54,96,60,204,126,6,66,18,24,48,6,204,18,84,12,126,78,54,18,6,90,6,90,102,24,18,48,72,36,108,72,156,42,24,18,24,54,48,12,234,30,12,30,72,18,48,36,24,6,48,18,12,216,6,78,30,108,72,18,132,6,48,36,18,150,138,42,90,60,30,24,12,48,18,18,24,12,360,48,6,6,54,18,42,90,90,72,48,6,30,24,72,126,30,66,90,24,18,12,6,78,90,126,36,6,60,36,60,144,138,30,72,78,24,36,24,48,12,120,90,48,12,6,126,6,90,6,36,42,6,12,60,54,42,6,54,120,6,162,192,84,42,24,18,6,114,54,18,114,138,12,6,108,12,72,12,30,18,48,96,18,42,84,42,42,30,114,42,6,54,24,24,102,6,36,18,54,66,12,6,6,12,48,42,78,24,12,30,42,12,12,36,204,24,60,36,48,12,6,6,108,114,24,150,12,48,54,90,12,42,48,114,6,42,24,30,24,12,24,90,66,6,24,24,12,30,114,144,54,66,120,60,12,48,36,48,102,180,36,54,90,138,24,42,24,60,126,18,90,24,168,36,108,48,18,108,66,198,6,12,144,18,48,192,84,6,60,126,12,18,96,198,30,12,42,66,54,12,60,162,222,162,42,42,18,54,48,114,120,48,54,66,78,54,96,30,150,48,18,18,78,48,60,6,12,60,42,120,24,30,84,114,6,54,30,36,66,60,6,18,60,12,24,66,6,120,60,78,18,48,30,6,6,48,60,42,60,6,18,66,42,12,36,120,12,24,18,60,12,42,102,12,162,6,78,18,60,36,12,18,36,36,60,252,36,18,126,42,48,96,78,12,264,84,180,66,6,6,36,108,6,60,48,24,42,6,42,12,18,18,30,60,60,156,66,192,138,36,180,96,60,24,72,12,126,6,24,48,96,48,24,126,42,12,48,60
132,246,2010,1080,798,1260,228,546,42,642,384,1002,1290,150,642,744,324,3252,132,420,750,1638,444,678,282,546,2538,450,1518,1536,1062,1128,966,780,354,1860,120,660,960,792,678,78,1362,942,540,462,726,1476,432,90,78,156,900,390,1188,342,828,3270,600,1920,288,108,144,510,438,3324,1038,1638,1362,414,1422,1242,822,462,318,1668,600,312,630,474,1518,1038,348,432,72,222,300,858,12,132,402,786,120,150,1266,426,996,3480,60,114,888,1362,426,264,1086,390,582,1002,42,1296,1632,576,516,2376,108,534,1674,312,210,744,180,1206,486,30,168,282,372,372,30,204,150,1092,6,102,528,2286,168,270,3390,618,582,474,2640,714,420,1560,2022,210,348,396,1008,204,408,6,96,3054,834,378,804,42,450,672,534,258,1938,678,540,192,1056,672,522,192,840,180,138,84,258,150,6,120,1698,624,480,78,546,930,132,396,462,834,546,972,2298,108,1086,138,6528,342,2766,54,252,72,348,84,204,12,450,102,144,228,108,132,924,108,474,108,246,90,30,1038,102,210,480,78,126,258,144,42,18,66,582,210,66,24,216,24,114,258,48,342,168,138,18,36,90,18,294,174,84,114,6,108,12,30,108,66,24,48,102,36,144,24,18,12,132,186,18,234,24,336,60,24,138,42,96,36,210,246,126,192,60,126,36,150,66,12,66,30,24,240,36,228,54,312,84,12,60,6,108,42,108,180,66,90,6,126,72,6,132,60,84,18,6,36,54,66,366,24,114,6,30,60,120,102,288,18,180,210,156,90,96,30,12,36,12,204,114,96,30,12,138,144,6,66,72,66,138,48,192,30,90,222,72,264,6,36,24,132,150,36,228,144,198,204,276,24,36,60,132,24,144,96,54,78,30,36,18,210,6,96,348,36,54,6,120,30,96,6,72,12,126,150,396,24,72,48,24,6,6,90,156,24,72,168,24,18,24,36,54,42,78,150,66,150,30,18,42,54,12,102,12,6,90,18,138,108,12,48,132,36,114,12,24,42,6,54,132,36,60,84,18,6,42,30,18,54,102,180,6,12,48,42,18,24,60,12,84,12,24,6,48,12,60,60,24,48,90,30,36,18,6,78,90,6,36,12,12,18,18,6,120,96,66,42,24,30,54,18,36,6,30,12,42,102,48,54,108,48,6,24,48,18,66,6,12,60,90,42,54,12,54,12,12,18,66,6,42,84,18,36,78,6,6,36,18,6,12,48,6,6,120,6,18,102,18,12,36,84,36,54,6,66,54,36,30,30,24,78,36,36,84,30,18,6,48,42,48,48,42,6,48,6,36,6,24,6,54,6,12,18,6,54,48,18,30,12,48,162,12,6,12,6,12,186,54,12,12,30,24,42,6,6,6,24,12,18,6,12,6,12,66,24,36,78,24,30,6,12,66,24,6,12,66,60,30,6,30,18,6,12,6,6,30,6,6,6,6,60,36,24,24,6,6,6,6,24,6,18,42,12,30,36,18,18,6,54,12,12,12,12,24,30,12,78,18,6,30,30,6,6,12,12,6,12,12,30,6,24,6,12,6,6,30,6,6,30,36,12,30,42,36,30,24,6,12,6,12,6,6,30,12,6,18,6,18,6,6,24,6,6,24,12,6,12,6,12,12,18,12,6,6,12,6,6,12,12,24,12,12,6,6,18,6,6,30,18,18,6,12,12,48,18,30,24,6,12,18,12,36,6,30,6,30,6,6,6,6,6,6,66,18,6,6,6,6,12,12,12,12,6,6,6,6,12,6,6,18,12,6,6,6,12,6,18,6,6,6,42,12,12,6,6,6,6,12,6,6,6,6,24,18,6,6,6,6,36,6,6,12,18,12,30,18,12,6,6,12,18,12,12,18,12,30,6,6,6,6,12,6,6,24,6,6,12,6,24,18,12,6,6,6,6,12,24,6,6,12,6,6,6,6,6,6,6,6,6,6,12,12,6,6,6,12,12,12,6,6,6,24,6,6,12,6,6,6,6,12,6,6,18,6,6,6,6,6,6,6,6,6,18,6,6,12,6,12,6,6,6,6,6,6,12,12,6,12,6,12,6,6,6,6,6,6,12,12,12,6,12,6,6,12,12,12,6,18,6,6,6,6,6,6,6,6,6,6,6,6,6,18,6,12,12,12,6,6,12,6,6,6,6,6,6,6,6,6,6,6,6,6,6,18,6,6,6,6,12,6,6,6,6,6,6,6,6,6,6,6,6,12,18,6,6,6,6,6,6,6,6,6,18,6,6,6,12,6,6,6,24,6,6,6,12,18,12,6,6,6,6,6,6
132,246,2094,78,1428,1260,228,198,1062,936,2634,2892,1698,150,4476,3336,168,552,390,3198,1674,414,36,306,636,84,1272,6,390,24,2364,246,78,1038,210,930,456,714,168,1326,3378,144,264,192,54,354,2898,402,1038,1380,1470,510,1206,354,990,42,216,78,1698,2328,1182,618,246,900,288,822,288,336,138,3420,798,1038,1434,330,84,2226,786,282,450,882,570,306,960,156,204,402,24,1416,1188,198,756,186,186,204,516,90,3480,1770,738,1260,714,282,150,720,2556,126,2052,852,168,180,216,2022,498,42,576,1176,258,1422,36,114,294,234,450,30,6,108,156,156,264,12,426,1350,66,462,96,60,960,996,654,1128,336,1062,732,126,240,30,228,492,222,306,324,126,180,36,54,12,264,54,132,180,66,210,84,60,246,66,312,72,348,630,762,1464,924,366,132,102,30,144,252,384,102,204,6,36,696,576,66,6,36,24,12,6,84,354,624,738,60,198,78,390,480,576,474,6,204,498,516,6,78,18,420,90,372,66,342,120,72,18,42,186,18,408,120,84,30,24,126,78,114,42,252,270,78,372,66,306,132,42,42,408,126,144,90,168,120,474,624,636,648,180,630,540,186,222,24,30,48,168,510,120,12,6,30,96,36,72,84,30,180,12,492,60,180,78,204,42,168,24,1332,102,936,78,336,60,516,30,282,60,390,276,108,126,84,114,30,330,6,132,24,96,378,48,120,24,252,84,246,102,282,12,18,132,186,60,60,144,60,192,180,144,174,102,234,18,432,108,60,378,270,42,54,72,60,96,24,6,24,42,78,90,210,264,60,36,36,192,120,168,6,30,54,30,78,42,144,12,78,132,12,108,276,54,48,126,60,18,156,108,114,60,174,42,18,300,186,78,162,24,60,24,6,12,18,138,48,168,18,18,12,18,36,12,18,6,42,60,66,72,120,42,138,54,54,90,84,6,6,72,78,96,60,48,60,66,60,72,18,84,168,72,54,114,78,60,252,12,30,156,42,48,120,12,96,36,108,180,36,42,72,12,36,36,66,24,84,18,6,24,18,138,24,42,36,30,24,18,144,18,36,108,30,12,30,30,30,6,36,18,114,6,114,6,138,60,54,12,12,12,18,12,24,216,66,42,48,18,60,42,90,24,18,72,48,144,12,114,12,6,60,96,48,48,6,36,90,6,30,102,30,48,6,6,42,6,12,36,12,48,54,30,66,42,12,12,18,30,42,126,54,30,24,36,6,66,12,6,30,6,102,18,48,6,18,18,30,24,36,102,36,36,78,48,6,6,6,24,66,42,12,36,54,24,12,90,24,18,12,18,6,18,6,12,12,42,6,60,12,24,6,18,42,6,18,12,6,18,6,6,48,96,18,24,36,24,6,30,30,24,30,30,6,36,84,18,18,120,6,24,36,72,6,12,90,18,30,18,36,6,24,18,24,6,42,24,36,48,12,42,30,24,30,6,18,96,24,66,6,18,24,18,6,36,24,42,24,48,6,18,6,6,12,30,12,36,36,18,18,6,12,24,144,24,12,24,18,12,18,6,24,12,36,24,18,12,36,12,6,6,42,12,36,102,6,18,6,18,36,6,6,54,30,48,18,42,30,12,6,18,18,24,6,6,6,30,6,36,12,12,12,36,12,12,72,30,36,12,18,6,6,54,6,6,6,12,30,6,12,30,24,30,30,24,12,6,6,30,30,6,6,6,6,12,36,6,12,24,6,12,6,24,6,18,12,6,12,12,12,6,12,12,18,6,12,6,6,18,12,12,6,12,12,6,6,6,42,6,6,24,6,24,6,12,12,12,6,12,18,12,24,30,6,18,6,12,6,24,6,24,12,18,6,6,6,12,6,30,6,6,12,12,24,18,6,24,18,6,12,6,6,6,12,18,12,6,18,30,6,6,6,12,6,12,6,6,24,6,12,18,18,6,6,36,12,30,24,12,12,6,6,6,18,12,6,12,6,18,24,12,6,6,6,12,18,6,6,12,12,6,6,18,12,18,6,6,12,6,12,12,12,6,6,6,6,6,12,6,6,6,6,12,12,6,12,12,24,12,12,6,6,6,6,6,6,6,6,6,6,6,6,6,6,18,6,6,6,6,12,6,6,12,12,6,6,6,12,18,6,12,6,6,6,6,6,6,6,12,6,12,18,6,6,6,12,12,24,6,12,6,6,6,6,12,18,12,6,6,6,12,6,12,6,6,6,6,6,6,12,12,24,6,6,6,6,6,6,6,18,6,12,6,6,30,6,6,24,12,6,6,6,12,6,6,6,6,6,24,12,6,6,6
132,246,2010,1080,798,1260,228,198,1062,936,630,2088,1482,2736,96,18,3582,426,96,492,684,24,150,750,216,2328,714,1044,360,246,276,918,120,384,942,696,60,996,1584,6,870,900,942,666,1236,1878,642,312,516,474,1746,144,2460,198,54,810,378,330,126,654,828,888,210,12,462,372,540,1452,1116,642,150,1416,18,150,618,522,1614,588,204,360,750,294,72,1044,474,234,1062,30,450,144,792,444,606,366,186,1482,252,222,108,1164,804,144,414,162,678,1116,600,84,138,54,132,72,198,78,144,126,822,1182,702,90,456,444,204,48,222,42,12,36,750,42,870,66,738,60,210,24,1662,102,906,546,294,168,150,54,48,300,504,330,36,30,132,330,36,780,936,1050,162,60,192,462,498,228,432,720,84,6,228,36,126,102,156,72,108,12,408,786,1494,996,72,90,156,102,78,240,66,120,1368,90,18,240,216,60,216,48,432,6,324,54,438,180,24,222,264,18,114,132,6,282,30,90,150,54,78,240,54,252,252,162,168,30,162,120,288,420,42,6,36,66,288,30,6,186,90,24,126,396,36,222,42,6,72,12,300,312,210,402,246,48,210,402,54,18,18,126,84,42,270,102,198,12,102,60,48,390,90,138,66,96,90,18,84,192,156,42,144,96,126,120,42,60,36,162,150,96,18,36,12,12,228,12,18,54,30,66,138,6,30,36,36,216,204,24,102,90,264,66,204,72,12,24,42,66,72,222,18,12,42,186,54,24,78,108,96,90,30,78,120,6,90,12,138,138,18,270,138,6,330,144,24,54,234,54,300,270,180,24,72,36,30,6,42,144,30,18,78,36,12,18,54,42,144,6,6,168,6,138,54,30,18,114,36,60,144,60,156,96,48,12,48,12,6,90,12,66,36,24,12,180,204,102,6,36,6,114,66,144,84,102,114,12,60,6,6,72,24,18,42,48,66,252,12,150,12,30,24,36,204,108,24,114,12,12,54,90,132,102,6,24,24,24,12,72,330,18,90,132,138,30,54,18,30,24,24,48,18,24,72,36,54,48,30,12,144,96,72,276,48,36,60,222,12,6,54,18,18,12,96,66,48,12,6,216,36,42,42,54,12,48,66,24,6,132,24,36,48,6,108,42,30,6,84,72,114,6,18,186,90,18,36,6,84,114,30,90,54,12,60,30,48,48,24,12,12,18,30,90,18,30,18,30,60,48,18,18,12,6,6,18,42,84,24,30,6,42,6,30,6,12,24,36,24,6,24,66,30,6,54,6,18,6,60,36,30,24,12,66,6,30,18,18,24,54,66,36,24,102,12,48,30,12,30,54,6,18,18,6,54,120,42,30,18,18,12,72,12,24,18,12,30,30,42,18,6,12,6,30,12,54,30,18,12,18,12,12,24,36,36,12,24,72,6,48,24,24,72,42,12,6,60,6,24,18,18,24,6,6,12,6,66,24,66,6,6,54,18,120,6,18,12,48,24,6,12,12,54,18,30,6,24,12,42,30,54,6,12,24,12,48,30,12,6,48,6,12,24,24,6,12,12,24,30,30,6,6,18,24,24,6,6,6,6,12,12,6,36,6,6,18,6,6,18,6,24,66,12,6,6,6,24,12,6,18,6,6,6,24,24,6,6,36,6,36,30,18,6,12,6,6,24,18,24,18,30,6,6,24,12,12,18,36,12,18,12,6,6,12,6,6,6,6,6,6,6,12,6,30,36,30,6,6,6,12,6,6,24,6,24,6,6,18,12,18,18,6,6,30,42,12,6,30,12,18,42,18,12,6,6,6,12,12,30,6,12,18,6,30,6,24,6,12,6,6,18,60,6,24,6,6,24,6,6,18,24,6,6,12,36,6,30,6,18,6,6,18,18,6,12,6,6,6,6,6,30,6,30,6,6,6,6,6,42,12,6,36,6,12,30,6,6,6,6,6,6,24,6,6,6,6,6,6,6,12,6,6,12,12,6,12,12,18,6,6,6,6,6,6,12,6,6,6,6,6,6,6,6,6,6,12,6,12,6,6,6,6,6,6,6,6,6,36,12,6,6,6,12,6,12,6,6,12,6,6,6,6,6,12,6,6,6,6,6,6,18,6,6,6,24,6,6,6,12,6,6,6,6,6,6,12,6,6,18,6,6,6,6,12,6,6,6,6,18,6,12,6,6,6,6,12,12,6,6,6,6,6,6,6,6,6,6,6,18,18,6,6,18,6,6,6,6,12,12,6,6,12,6,18,12,12,6,6,6,12,6,6,6,6,6,6,6,6,6,18,12,6,6,6,6,6,6,12
132,246,2010,1080,798,1260,228,198,1062,474,240,954,162,2640,1632,414,732,192,306,714,276,468,822,78,426,720,222,474,2520,1596,78,372,2328,2298,510,942,696,60,222,1254,516,414,1092,822,678,78,246,1968,642,438,546,1476,1500,414,528,240,876,1014,240,510,252,108,84,246,264,1134,1188,66,600,1956,1164,414,30,1080,126,84,252,84,66,156,996,330,258,822,432,1146,84,696,108,972,684,186,936,330,90,186,222,1218,216,1038,18,186,96,342,60,324,18,30,18,66,252,702,414,108,630,372,1404,468,690,108,240,12,246,318,144,822,36,72,18,228,696,576,144,936,912,84,114,78,144,120,468,396,108,276,1008,462,240,150,582,18,6,810,126,6,30,60,216,276,318,6,30,36,282,174,126,318,90,246,6,606,690,138,426,510,288,486,438,210,420,84,54,84,78,48,54,174,12,636,114,324,246,396,522,48,258,78,240,78,90,396,78,438,270,54,6,132,132,108,174,108,66,108,552,54,60,354,120,6,372,54,186,54,558,6,282,114,132,54,24,24,228,30,42,72,66,120,84,270,246,222,90,132,210,372,192,24,6,222,24,6,12,222,12,6,36,432,66,36,54,42,312,66,72,60,18,294,54,66,144,66,120,312,6,18,6,36,84,24,72,234,6,60,54,18,570,738,282,24,138,192,294,48,402,66,306,60,150,18,30,48,150,234,42,12,558,150,420,180,30,12,18,114,156,198,108,354,48,306,6,66,84,54,42,480,144,102,84,228,126,228,96,30,36,102,72,90,36,564,108,90,18,84,96,174,42,30,132,114,6,324,72,516,6,180,90,42,24,6,282,288,18,138,24,48,132,6,96,204,288,126,72,42,324,114,30,240,132,120,204,12,378,144,90,162,90,18,114,216,30,60,72,132,36,126,6,48,30,162,72,102,258,30,342,114,66,456,72,54,132,276,84,42,6,6,102,54,192,42,30,54,60,276,24,156,126,18,24,138,138,12,588,156,18,42,6,102,6,6,174,78,72,54,78,144,24,36,60,18,6,6,54,78,42,78,12,48,54,30,72,48,78,90,102,18,18,66,18,6,6,18,12,12,24,96,114,6,66,6,24,42,48,12,6,102,18,24,18,30,6,30,6,6,6,48,6,24,12,48,18,42,12,18,24,30,6,12,18,90,54,6,66,84,12,24,24,78,72,36,6,30,24,18,24,60,18,36,6,12,36,24,60,6,24,6,24,18,30,144,6,66,12,12,18,66,108,18,24,24,42,30,6,48,54,54,60,12,12,6,36,36,12,12,24,36,24,6,18,24,18,36,48,6,30,48,42,6,12,90,6,18,54,48,84,24,36,6,18,12,24,30,12,72,6,42,24,6,18,42,6,30,24,6,6,54,30,24,42,6,54,18,6,24,24,6,36,12,36,60,54,36,12,78,18,18,12,18,24,6,30,24,36,12,6,12,6,24,36,12,102,18,6,48,12,84,24,24,78,6,6,6,54,60,36,6,24,30,30,6,6,6,6,48,6,6,6,60,36,6,6,30,48,48,18,30,12,12,6,30,6,12,6,24,30,12,12,30,6,24,18,12,6,6,6,6,24,48,18,6,18,6,6,6,18,42,18,12,18,6,36,6,30,18,30,12,36,18,18,6,18,6,24,12,36,6,12,54,24,18,6,18,12,6,24,12,30,6,6,6,12,12,6,6,12,6,12,18,6,6,30,6,6,6,24,12,18,18,6,12,12,12,36,6,18,12,12,12,12,18,24,54,6,6,24,12,6,6,12,6,6,6,6,6,6,12,6,6,18,12,18,6,6,6,12,12,12,18,6,36,6,12,18,6,6,24,6,6,54,6,6,6,6,6,6,6,6,6,6,6,12,12,12,18,12,6,12,18,6,6,24,18,24,6,6,6,12,6,12,6,18,6,6,6,18,12,6,6,18,6,6,6,6,6,6,24,24,6,12,12,6,6,6,6,6,12,12,6,6,6,6,6,18,6,6,6,6,6,6,12,6,6,18,6,6,12,6,6,6,6,6,6,6,12,6,6,6,12,6,6,6,6,6,18,6,6,6,12,12,12,6,18,12,12,6,6,6,18,6,6,6,6,6,6,6,6,6,6,18,6,6,24,12,18,6,6,6,6,6,6,6,12,6,6,12,18,12,6,6,12,6,6,12,6,6,12,6,6,6,6,6,12,6,6,6,12,6,6,6,6,6,6,24,12,24,6,12,6,12,6,6,6,12,6,18,6,6,6,6,6,12,6,6,6,6,6,6,6,42,6,6,12
252,612,162,180,552,948,1380,552,2952,720,372,102,180,462,618,198,528,18,654,216,114,1698,348,66,186,450,498,1626,114,1518,1650,1692,408,696,480,12,162,72,1548,156,72,216,588,1320,552,108,90,3492,1536,816,1128,846,1536,900,1872,234,2256,1140,234,966,486,504,744,132,174,684,1056,3276,618,732,756,1182,2592,1794,2592,1368,234,948,1428,2532,1266,564,42,144,3060,834,186,918,630,66,1392,480,666,204,948,1566,1968,90,180,336,72,216,24,1032,4410,786,1296,738,72,390,1134,726,96,1518,1248,408,918,3792,2124,2100,300,324,522,132,480,2874,3360,678,1440,1140,162,1242,774,276,1080,1236,1698,588,1218,1902,2082,378,444,1728,2472,2640,1464,108,240,480,606,810,264,1086,1644,264,948,1314,738,1086,2286,1998,120,228,342,2022,408,558,1362,606,54,198,450,810,1356,54,156,450,3204,354,258,840,126,930,426,666,78,924,48,678,2820,912,570,210,1038,678,162,126,1002,1050,12,978,1530,1146,348,360,3858,2796,2268,270,1302,2640,4494,168,270,444,1434,1884,270,936,2034,150,1968,786,720,24,42,420,480,624,210,612,390,342,180,582,48,648,12,12,948,240,660,150,528,354,978,12,1044,456,18,636,234,192,1050,1890,576,576,300,1950,648,150,552,6,54,714,276,684,390,1284,636,252,2484,72,1422,1032,156,324,1272,4842,2994,3798,1266,864,1116,5322,636,66,288,222,72,864,618,270,198,150,924,144,276,504,216,294,528,222,300,804,240,72,1476,372,342,114,600,606,144,120,348,258,294,12,168,228,474,24,60,882,204,876,156,606,348,108,156,840,618,588,120,48,888,138,102,132,552,1014,30,18,240,84,102,480,36,372,60,366,150,180,144,180,318,474,192,138,60,48,438,438,90,42,870,216,282,798,216,192,78,306,552,240,498,156,84,240,78,816,414,414,474,84,420,66,978,456,192,234,114,702,438,72,876,78,426,462,120,540,210,180,36,24,84,318,84,12,30,894,1182,1578,138,342,102,378,648,366,270,48,12,84,276,654,432,198,342,54,1602,570,354,1014,102,510,654,918,138,1164,396,396,438,24,6,360,120,168,852,312,300,18,36,54,414,372,78,144,372,348,96,294,834,24,216,780,222,60,114,300,486,42,210,594,48,300,126,252,204,594,558,330,306,300,24,114,30,96,438,1110,444,54,216,402,24,672,6,36,30,132,48,102,1080,102,330,66,612,102,228,96,642,204,252,114,6,792,342,36,42,648,120,168,114,258,18,126,48,114,114,6,156,234,204,132,1062,24,72,6,162,186,372,42,126,384,438,66,780,636,1620,1080,330,1014,294,252,156,516,174,672,822,126,102,126,90,570,282,348,204,258,66,1386,150,576,54,342,582,234,48,186,528,504,480,396,330,210,18,336,252,162,36,222,72,1026,762,444,306,18,12,666,156,486,162,108,72,30,42,6,450,24,6,180,642,138,450,18,312,198,132,558,162,12,12,162,828,24,132,276,156,24,468,204,18,162,792,660,534,216,90,888,222,144,42,270,288,42,66,438,366,168,12,1848,552,204,474,60,108,72,168,480,24,324,228,126,84,162,444,66,42,468,174,714,54,240,66,318,696,618,168,288,3168,924,294,96,72,270,528,60,522,72,492,1446,330,432,42,408,12,624,228,84,480,120,192,672,198,12,54,132,48,132,36,96,6,6,126,108,60,102,66,6,36,30,162,48,114,84,30,60,60,36,72,12,12,36,42,30,18,36,18,198,156,12,48,18,156,192,24,18,108,6,144,66,36,18,24,60,24,12,54,30,24,6,12,48,84,18,90,36,18,42,48,144,90,90,48,12,72,204,210,36,84,30,6,18,162,246,6,6,18,48,6,18,36,24,60,60,126,30,66,42,18,162,30,60,24,72,54,6,12,60,18,414,84,156,78,18,18,48,144,414,66,132,66,18,108,36,234,18,6,30,30,132,36,6,30,78,24,36,102,12,186,66,36,48,348,42,66,36,48,132,30,72,90,18,48,66,72,174,216,30,144,30,36,96,6,120,54,72,6,18,30,54,96,252,18,300,174,96,42,72,54,294,138,18,6,42,54,192,180,6,78,48,12,6,18,6,24,294,78,306,60,24,216,528,12,6,6,6,6,6,12,6,6,6,12,12,18,6,12,6,18,6,6,6,6,12,6,12,6,6,6,6,6,6,6,6,6,12,6,6,6,6,18,6,12,6,6,12,12,6,6,6,18,12,6,6,12,6,6,6,6,6,12,6,24,6,6,6,18,6,12,6,6,6,30,6,6,6,6,6,24,12,6,6,6,12,6,6,18,18,12,12,6,6,24,18,6,6,6,24
222,534,2220,174,192,378,372,270,600,2448,2844,66,828,2712,12,1062,276,3306,2016,684,306,228,318,312,78,294,180,726,1176,264,972,546,594,3108,420,30,630,420,876,684,300,1116,1650,510,174,1212,1368,738,2586,2388,3096,798,516,1356,1086,960,1620,66,816,222,828,1872,564,42,312,1842,420,294,114,420,1344,216,48,180,276,930,252,1314,1554,66,1218,810,18,372,30,504,96,306,132,288,792,294,558,198,1674,246,192,780,600,570,84,1704,2124,402,354,294,12,558,1254,300,1494,2454,456,312,1632,246,234,384,132,912,282,318,852,582,1290,582,204,228,144,852,1272,630,1176,3552,60,144,522,1794,366,3042,240,1122,1380,1188,402,1332,810,3786,666,282,888,138,252,300,186,546,306,1056,1200,138,432,306,3162,390,2502,228,2820,78,324,6030,2628,3606,258,5694,276,396,60,54,66,174,732,2904,132,342,666,3192,732,726,1074,276,3018,120,1086,924,666,1974,1044,1782,198,582,366,1434,306,714,54,504,726,210,846,102,24,834,84,276,186,510,690,2016,1098,1008,2184,1536,156,24,168,1668,330,576,726,1158,1140,186,1908,2886,600,798,228,1242,630,2184,36,132,588,78,516,2094,282,474,90,48,270,624,150,852,288,1194,1278,516,636,96,744,192,30,270,1626,354,438,216,660,1272,1386,408,1902,90,1110,738,60,906,726,198,1326,1038,1038,36,18,1518,2844,3012,42,480,594,240,138,90,336,534,744,174,144,120,954,630,618,1050,360,102,1080,222,2778,918,174,426,174,1512,540,516,480,96,138,222,2334,1122,24,450,210,648,210,102,54,60,396,210,114,210,96,192,198,162,102,756,30,60,522,60,18,132,36,12,198,162,114,144,114,24,12,384,150,150,18,96,24,588,54,132,294,168,66,216,270,120,162,12,600,66,6,378,6,138,66,48,384,84,84,24,180,174,36,12,84,54,450,42,48,150,102,114,168,18,78,126,294,6,120,114,54,114,42,72,120,126,366,384,438,444,150,96,306,318,342,174,198,138,30,120,6,48,84,102,186,96,66,450,108,396,54,12,78,228,228,48,120,24,36,132,360,54,354,78,174,132,468,60,156,12,132,18,30,126,138,294,6,36,24,18,72,126,150,6,120,96,84,24,84,84,54,180,96,12,306,42,168,234,258,36,78,120,192,18,156,42,48,24,30,66,234,12,120,78,96,24,24,60,6,42,90,240,60,66,96,294,36,90,66,96,48,300,36,192,78,198,66,282,60,324,114,6,60,48,24,192,6,6,24,456,6,102,30,132,132,24,156,30,120,120,24,42,138,96,90,6,144,42,354,240,102,174,72,36,24,60,24,18,78,132,78,180,24,162,162,30,222,66,12,18,36,228,6,36,288,234,66,66,30,18,12,246,84,18,54,30,54,156,30,120,84,174,138,168,150,138,108,78,30,186,42,24,222,78,78,36,90,30,126,12,12,78,18,174,66,120,30,42,42,12,30,36,36,6,48,144,150,60,78,30,30,120,186,12,6,48,72,54,48,42,90,12,72,36,66,12,6,204,48,114,132,12,54,12,36,18,114,18,96,36,132,120,108,126,54,108,42,48,54,48,48,78,198,6,6,36,18,12,84,162,12,54,66,102,36,48,168,36,102,66,84,18,156,12,30,222,132,108,204,42,60,18,54,66,72,282,24,12,12,234,6,96,30,84,252,108,84,42,36,24,18,42,60,18,204,18,102,240,240,60,12,36,42,6,72,102,72,144,54,24,30,54,54,42,36,42,114,42,60,138,66,120,102,54,102,78,72,138,12,30,42,252,24,6,54,18,18,18,108,12,54,126,144,42,60,12,6,18,42,54,30,180,120,42,150,54,42,288,6,24,84,18,30,156,30,60,42,12,60,234,6,108,162,12,210,78,96,24,84,6,228,12,12,72,48,120,18,60,96,48,78,6,78,294,162,30,36,30,66,168,6,60,24,30,60,108,36,60,114,30,18,126,138,66,72,54,156,72,120,348,42,114,24,72,180,84,18,24,12,138,66,24,12,138,6,108,30,102,114,114,30,96,36,36,312,60,114,72,156,192,24,96,12,144,12,234,408,390,78,48,30,102,12,60,36,102,6,30,294,126,96,168,150,60,6,24,6,36,120,114,54,66,96,36,60,408,90,102,18,6,150,78,6,48,18,72,66,96,12,6,54,108,24,24,12,12,102,12,324,18,36,60,42,198,180,150,102,282,198,120,102,144,66,12,150,42,444,18,246,120,108,282,276,354,12,12,162,54,192,30,48,216,312,66,114,78,330,24,144,78,204,54,12,174,48,204,60,174,270,228,42,42,12,30,132,12
648,36,630,210,774,3108,684,1446,606,1122,1038,816,444,528,990,444,36,1074,1428,348,1356,1554,1104,126,924,96,120,1758,336,420,588,852,48,612,48,3822,870,354,222,1524,102,192,1260,1524,204,2436,6,324,72,102,1386,954,300,732,114,468,1116,180,90,2064,852,2010,198,126,642,336,408,318,264,1554,486,564,408,1686,12,168,210,1176,2016,444,3582,6186,426,1680,690,732,1950,186,1128,1362,552,222,90,6024,1578,360,1362,768,1242,1578,114,990,2730,18,162,150,1368,1860,468,828,1542,744,516,894,108,804,1260,474,4212,3096,786,2994,1242,186,78,60,2148,3264,3174,588,1032,198,588,42,1428,684,2280,294,2082,1422,1710,138,2256,1290,978,114,510,1872,54,3744,1020,432,786,1266,228,246,174,246,3132,78,1050,846,1296,510,402,1068,1980,132,2646,630,1890,168,732,18,1374,1230,18,2268,2346,108,2682,564,624,240,1986,684,1548,4692,240,3072,2538,774,1764,102,2694,1656,480,420,2490,360,132,438,900,390,4332,852,942,42,444,1494,1434,696,204,534,732,2580,546,1590,642,1074,300,474,1584,2628,396,456,2718,1434,1284,936,306,618,84,252,294,666,8160,126,360,96,414,3126,3510,432,4644,1002,108,1620,1152,360,1530,3126,1992,1128,276,2442,858,954,5262,1248,2484,2118,4044,330,186,306,594,1812,1608,1314,1026,48,14778,2616,10194,2280,5310,4224,1530,684,870,300,270,450,972,144,828,54,2358,6,720,1014,564,552,1842,222,2502,1758,2034,4260,492,2460,684,1812,2184,468,6606,4332,1332,2172,384,4266,648,8538,522,696,996,378,2154,2712,744,444,108,372,324,258,2052,1320,1794,288,3930,4374,1182,4506,2604,192,126,738,2346,306,2364,1104,1134,1824,882,2364,4830,6864,48,216,4008,120,480,690,528,2598,1296,2352,786,3588,2724,24,3960,1368,228,6912,1572,5064,1668,1152,1326,2052,1380,6246,1890,888,678,342,4290,12,984,588,516,1542,2508,1254,498,552,324,1596,84,624,2466,246,1278,1524,528,48,90,2232,414,330,168,1914,648,1086,1680,786,4950,30,204,1512,1920,996,2376,828,4092,2628,1902,654,2280,2070,498,1872,480,672,3960,2202,2562,312,150,612,840,726,2214,48,1566,222,318,3330,1050,2550,60,4044,162,462,918,552,726,336,222,420,1962,360,426,48,3300,1578,2022,840,1134,36,1530,2772,138,516,120,1296,2244,312,1752,750,468,468,714,1506,570,978,3954,3030,702,7362,5196,858,5388,1686,1686,3474,6792,1194,102,894,912,9408,222,1542,18318,2106,5442,84,22266,2088,6870,4128,6840,3720,42,3276,9240,174,1518,1320,2280,2814,96,5886,198,7320,1080,3696,1494,4794,1884,6936,708,14076,1992,1374,17880,7782,1434,96,684,1170,4116,1368,5298,666,11262,2052,9318,13062,246,36,2928,1680,3690,1158,1608,3096,1542,5316,606,8664,2214,1500,9174,1728,1776,20574,8898,2598,1062,4740,2154,258,762,2274,618,5136,3282,132,264,3714,438,2994,1146,1710,1302,1242,19104,7956,7716,12546,18990,3384,1194,6468,3282,6762,9876,17106,4362,10026,498,2106,14916,6852,2382,2010,1518,31680,8214,942,4566,11370,10614,10920,11028,684,3840,11346,12798,4308,5916,6630,5076,1278,3654,4560,2100,360,3504,624,2202,2214,3444,3972,2778,768,336,390,582,576,450,1542,1422,444,450,6846,234,4320,1524,576,4386,4638,6,1104,3582,1860,9594,19200,2232,10392,2778,26148,16494,2220,7518,34554,17292,1092,174,3150,276,2574,198,18,1368,54,696,264,1770,96,918,1050,3906,3588,5184,30714,3450,2424,32232,27774,1530,138,426,156,6,108,162,234,342,1434,318,264,1608,864,2040,168,12,42,60,48,900,282,2244,1020,288,1182,1206,186,66,150,708,132,108,1044,2724,720,198,354,1668,1422,618,1968,426,348,2208,12,1110,366,228,162,66,174,138,312,114,108,360,36,402,222,132,48,6,90,18,234,6,246,360,78,18,150,234,72,216,144,120,408,252,108,300,156,348,132,516,36,30,174,114,108,354,504,66,156,24,144,30,78,252,492,468,852,48,420,90,54,1488,1038,192,66,192,366,102,72,102,150,30,66,36,18,294,66,294,54,402,6,210,228,432,450,678,78,324,342,78,438,96,6,24,30,330,114,108,414,144,30,642,96,2028,30,810,228,498,1128,726,180,306,1176,54,54,42,1686,906,138,18,294,336,1878,90,90,18,2364,90,72,168,294,240,270,354,576,384,1002,60,204,570,210,174,654,498,2298,606,114,1644,858,474,504,498,768,1686,960,594,84,2274,3156,330,36,444,30,162,2160,1362,4320,54,186,102,1260,336,768,2496,1044,24,618,420,18,552,180,4950,2136,912,300,522,168,420,1668,2400,1962,2430,426,60,3726,1644,4194,888,3192,1560,672,1398,138,102,450,2040,864,1002,576,720,408,252,1494,366,312,234,5268,1392,438,546,42,534,4452,888,1398,156,696,3168,216,5244,1824,732,7896,1962,1356,1398,978,2766,852,1584,2904,10698,678,462,492,156,882,1338,3672,1686,4506,774,384,2130,240,138,114,144,480,192,246,60,48,1764,8430,2784,8784,534,1146,900,348
132,246,2010,1080,798,1260,228,198,1062,474,240,954,162,2640,1632,414,732,192,306,714
330,408,732,336,120,366,450,390,2244,474,150,1806,870,1788,252,4056,144,984,756,1182
36,558,1194,4218,906,954,336,648,1218,288,240,1440,276,48,474,186,126,924,36,780
348,102,648,1482,1170,708,96,804,162,1302,714,102,510,258,612,780,1188,2760,1152,1116
132,246,2010,1080,798,1260,228,198,1062,474,240,954,162,2640,1632,414,732,192,306,714,276,468,822,78,426,720,222,474,2520,1596,78,372,2328,2298,510,942,696,60,222,1254,516,414,1092,822,678,78,246,1968,642,438,546,1476,1500,414,528,240,876,1014,240,510,252,108,84,246,264,1134,1188,66,600,1956,1164,414,30,1080,126,84,252,84,66,156,996,330,258,822,432,1146,84,696,108,972,684,186,936,330,90,186,222,1218,216,1038,18,186,96,342,60,324,18,30,18,66,252,702,414,108,630,372,1404,468,690,108,240,12,246,318,144,822,36,72,18,228,696,576,144,936,912,84,114,78,144,120,468,396,108,276,1008,462,240,150,582,18,6,810,126,6,30,60,216,276,318,6,30,36,282,174,126,318,90,246,6,606,690,138,426,510,288,486,438,210,420,84,54,84,78,48,54,174,12,636,114,324,246,396,522,48,258,78,240,78,90,396,78,438,270,54,6,132,132,108,174,108,66,108,552,54,60,354,120,6,372,54,186,54,558,6,282,114,132,54,24,24,228,30,42,72,66,120,84,270,246,222,90,132,210,372,192,24,6,222,24,6,12,222,12,6,36,432,66,36,54,42,312,66,72,60,18,294,54,66,144,66,120,312,6,18,6,36,84,24,72,234,6,60,54,18,570,738,282,24,138,192,294,48,402,66,306,60,150,18,30,48,150,234,42,12,558,150,420,180,30,12,18,114,156,198,108,354,48,306,6,66,84,54,42,480,144,102,84,228,126,228,96,30,36,102,72,90,36,564,108,90,18,84,96,174,42,30,132,114,6,324,72,516,6,180,90,42,24,6,282,288,18,138,24,48,132,6,96,204,288,126,72,42,324,114,30,240,132,120,204,12,378,144,90,162,90,18,114,216,30,60,72,132,36,126,6,48,30,162,72,102,258,30,342,114,66,456,72,54,132,276,84,42,6,6,102,54,192,42,30,54,60,276,24,156,126,18,24,138,138,12,588,156,18,42,6,102,6,6,174,78,72,54,78,144,24,36,60,18,6,6,54,78,42,78,12,48,54,30,72,48,78,90,102,18,18,66,18,6,6,18,12,12,24,96,114,6,66,6,24,42,48,12,6,102,18,24,18,30,6,30,6,6,6,48,6,24,12,48,18,42,12,18,24,30,6,12,18,90,54,6,66,84,12,24,24,78,72,36,6,30,24,18,24,60,18,36,6,12,36,24,60,6,24,6,24,18,30,144,6,66,12,12,18,66,108,18,24,24,42,30,6,48,54,54,60,12,12,6,36,36,12,12,24,36,24,6,18,24,18,36,48,6,30,48,42,6,12,90,6,18,54,48,84,24,36,6,18,12,24,30,12,72,6,42,24,6,18,42,6,30,24,6,6,54,30,24,42,6,54,18,6,24,24,6,36,12,36,60,54,36,12,78,18,18,12,18,24,6,30,24,36,12,6,12,6,24,36,12,102,18,6,48,12,84,24,24,78,6,6,6,54,60,36,6,24,30,30,6,6,6,6,48,6,6,6,60,36,6,6,30,48,48,18,30,12,12,6,30,6,12,6,24,30,12,12,30,6,24,18,12,6,6,6,6,24,48,18,6,18,6,6,6,18,42,18,12,18,6,36,6,30,18,30,12,36,18,18,6,18,6,24,12,36,6,12,54,24,18,6,18,12,6,24,12,30,6,6,6,12,12,6,6,12,6,12,18,6,6,30,6,6,6,24,12,18,18,6,12,12,12,36,6,18,12,12,12,12,18,24,54,6,6,24,12,6,6,12,6,6,6,6,6,6,12,6,6,18,12,18,6,6,6,12,12,12,18,6,36,6,12,18,6,6,24,6,6,54,6,6,6,6,6,6,6,6,6,6,6,12,12,12,18,12,6,12,18,6,6,24,18,24,6,6,6,12,6,12,6,18,6,6,6,18,12,6,6,18,6,6,6,6,6,6,24,24,6,12,12,6,6,6,6,6,12,12,6,6,6,6,6,18,6,6,6,6,6,6,12,6,6,18,6,6,12,6,6,6,6,6,6,6,12,6,6,6,12,6,6,6,6,6,18,6,6,6,12,12,12,6,18,12,12,6,6,6,18,6,6,6,6,6,6,6,6,6,6,18,6,6,24,12,18,6,6,6,6,6,6,6,12,6,6,12,18,12,6,6,12,6,6,12,6,6,12,6,6,6,6,6,12,6,6,6,12,6,6,6,6,6,6,24,12,24,6,12,6,12,6,6,6,12,6,18,6,6,6,6,6,12,6,6,6,6,6,6,6,42,6,6,12
252,612,162,180,552,948,1380,552,1566,432,438,570,558,540,1086,864,30,102,600,468,258,216,780,234,1464,72,336,2148,768,1512,1290,1692,408,210,78,636,324,156,12,234,1548,156,2970,60,348,234,12,642,1056,1224,342,360,1536,162,1020,258,1368,1284,90,816,102,816,336,198,330,204,324,222,1014,324,1806,420,228,1020,582,72,24,858,570,1044,126,126,288,750,282,750,798,90,336,402,66,642,834,1164,594,1026,354,156,18,48,12,480,264,42,282,252,552,288,558,1140,498,18,750,1566,894,1854,1716,54,450,30,900,144,258,894,114,1584,2364,1872,894,108,48,1338,1974,180,312,1464,1146,990,162,606,2382,1752,678,1974,1482,66,552,1512,774,234,1200,1986,2172,888,1284,1260,2046,198,36,294,1134,132,1170,6,804,1566,84,240,282,834,150,18,72,18,234,1686,504,780,252,162,12,420,1380,294,426,360,378,2340,300,2250,306,5064,144,642,1062,66,72,1866,420,174,3756,888,1422,162,558,258,720,1110,1398,252,66,174,3306,18,486,414,498,1584,1620,1050,906,252,504,174,1728,870,600,48,576,636,42,2478,2730,600,1596,126,1398,90,132,1236,648,504,108,2988,114,342,102,78,630,774,54,324,264,1698,78,30,78,324,252,414,102,444,246,72,732,294,558,66,864,468,342,204,960,132,678,186,84,246,870,504,144,870,1998,2832,108,396,900,2736,2532,1194,222,2412,660,60,438,36,330,456,774,1428,756,2358,228,204,372,852,36,30,288,480,1614,162,588,54,90,342,342,18,108,90,174,360,30,42,138,660,30,30,198,120,444,210,468,12,402,186,600,282,282,432,120,54,168,72,48,120,318,168,18,408,66,36,390,378,186,18,816,78,6,576,174,246,198,108,444,264,120,198,12,30,96,90,48,60,216,60,228,36,84,48,126,480,12,18,192,102,78,120,582,84,132,312,72,48,12,102,120,30,24,270,216,276,660,564,294,546,36,864,168,384,984,1602,276,240,54,6,72,222,42,84,120,120,270,120,54,36,624,216,60,198,24,330,150,120,294,78,42,144,78,108,408,54,6,114,186,204,12,162,180,102,30,90,84,168,702,60,138,66,246,180,126,12,174,132,66,312,12,30,66,48,108,294,78,222,12,6,12,60,36,96,54,18,30,180,12,30,42,36,30,186,114,18,60,144,90,72,42,102,102,36,36,144,18,84,42,270,270,18,24,294,168,42,18,42,162,48,60,48,108,24,24,42,270,36,18,18,6,198,6,54,72,42,78,216,36,12,66,156,84,312,18,120,228,72,24,228,108,36,24,240,138,18,66,36,36,42,6,96,150,30,132,6,108,192,24,12,60,330,24,84,12,90,6,12,228,318,246,96,36,54,96,54,30,30,144,378,126,18,48,174,90,24,6,192,264,24,174,78,168,222,6,372,198,12,168,90,78,342,66,96,210,462,48,6,60,24,96,126,162,96,54,150,96,18,78,12,60,150,204,234,6,138,102,12,108,12,210,126,156,354,6,54,6,546,114,540,498,540,78,798,90,186,606,90,324,126,522,114,630,450,300,234,6,186,624,360,180,54,24,138,306,318,42,1794,534,1632,114,6,108,510,354,192,84,1404,228,3348,444,1206,240,2196,546,696,252,702,48,6,48,216,18,12,96,60,18,72,12,24,138,18,24,18,60,54,12,42,12,24,30,36,30,30,18,72,12,54,102,24,66,42,102,78,54,12,30,12,6,30,12,66,12,42,60,42,30,36,36,42,12,12,12,60,78,12,12,6,18,30,6,12,12,24,12,54,90,60,12,30,42,30,54,6,6,12,12,42,54,12,6,6,30,36,48,42,6,6,42,6,6,60,6,24,72,36,24,18,96,18,6,12,6,6,36,12,54,6,108,36,24,18,48,12,30,42,36,6,6,18,30,12,18,6,12,6,12,78,12,24,6,6,12,6,6,6,6,36,6,6,30,12,18,6,6,6,6,30,18,24,6,18,6,12,6,18,18,6,12,12,18,18,6,6,6,12,6,18,18,6,6,24,6,18,12,6,24,24,12,12,30,12,6,24,6,36,6,6,12,6,6,12,36,6,6,6,30,24,24,18,6,6,12,6,6,6,6,6,12,12,24,6,6,12,6,6,12,18,30,6,6,6,18,12,6,6,6,18,12,6,6,6,6,6,6,6,18,6,6,6,12,12,6,24,18,6,6,6,6,18,12,12,12,6,6,24,6,24,6,6,18,18,18,6,24,12,24,12,6,12,6,6,6,6,6,12,12,12,12,36,6,6,6,12,18,12,6,6,18,6,12,18,6,6,24,12,6,30,6,6,12,6,6,6
42,60,660,1734,288,1098,954,330,864,1128,492,456,888,1038,174,378,570,1764,18,2526,66,276,1986,1566,462,1212,66,12,714,1128,2442,540,264,1692,684,1476,1068,1056,612,174,894,1188,3606,690,468,654,264,162,732,1080,1980,492,162,354,162,600,264,402,1158,36,444,1164,246,630,2310,246,216,18,1494,276,342,162,162,654,612,144,234,624,1824,564,522,366,3660,3930,1998,24,1500,492,114,126,372,2340,456,942,426,1572,1188,462,456,366,1986,756,384,126,828,2244,2352,12,564,480,966,60,918,990,1230,210,84,18,474,942,396,456,1104,426,876,2232,78,558,1944,204,144,1500,1230,3594,558,318,654,90,36,846,336,708,876,210,2460,480,690,258,732,1452,186,600,396,486,186,3636,396,24,1044,1386,558,414,2118,444,1092,1248,1152,2352,474,24,120,210,1104,144,264,456,1704,2400,2310,72,1956,2604,288,336,396,726,1542,654,432,102,474,474,2088,18,2184,126,684,288,60,246,270,114,72,138,222,12,246,90,120,294,84,90,42,684,360,510,18,114,672,522,366,78,570,120,138,42,24,1050,678,414,2832,606,948,2910,408,444,1110,1866,54,1062,252,414,714,300,330,762,522,558,516,534,834,2010,966,402,774,2682,24,150,702,1362,288,144,528,408,276,102,1008,660,1314,5154,444,420,324,1398,2418,1410,3216,264,126,102,2052,222,546,360,744,816,768,1512,900,1158,1146,168,282,18,234,426,78,246,60,6,1782,930,540,462,3048,1248,852,3462,1092,342,582,354,1122,1512,1812,1008,72,1356,372,84,348,1314,156,282,2112,1656,1914,126,342,1278,1362,1230,1716,1164,564,582,444,162,168,1362,1140,90,270,36,768,258,96,354,192,234,1794,90,294,480,348,678,150,924,48,258,6,156,24,54,270,108,258,168,246,180,120,348,42,144,492,72,12,198,366,534,114,276,138,156,18,144,588,204,42,396,48,144,498,60,138,126,84,6,162,294,498,12,84,36,270,162,60,36,60,102,48,222,66,18,96,12,156,24,102,168,228,42,96,270,132,84,186,150,48,240,180,108,36,264,72,120,66,78,12,48,6,108,36,42,204,48,6,486,84,72,576,42,186,30,108,42,6,72,60,18,138,36,126,264,84,30,78,18,24,6,66,6,60,60,114,222,48,96,18,300,42,66,48,12,84,294,192,42,180,42,12,84,240,96,102,6,12,96,6,60,264,72,30,258,6,282,138,90,132,78,30,96,12,120,12,18,174,6,84,54,24,54,120,12,252,96,36,30,30,48,168,18,342,78,42,96,156,120,162,6,18,18,60,24,18,96,12,72,96,6,6,108,42,78,54,48,6,54,6,30,18,54,24,78,120,258,126,30,78,54,48,108,42,252,78,12,12,72,12,156,282,42,348,6,72,198,66,96,42,342,18,132,60,66,72,24,162,60,36,324,6,132,6,84,78,18,54,72,42,18,24,48,42,30,144,150,42,48,228,126,252,138,96,180,60,54,30,42,54,48,132,78,12,90,96,12,216,18,78,12,108,36,18,6,6,54,36,72,6,6,24,72,36,42,6,6,60,12,6,42,42,84,24,78,60,30,54,36,150,60,90,42,6,30,234,6,12,102,114,390,66,30,90,120,132,18,108,6,342,48,24,78,12,30,6,156,318,12,12,324,12,144,54,126,66,78,48,18,6,114,348,192,234,18,12,60,6,96,144,186,24,48,426,90,168,60,36,270,228,240,54,24,6,42,24,36,78,66,66,84,36,264,78,54,198,42,60,132,144,306,90,510,24,48,156,6,108,36,96,72,12,126,120,84,78,462,30,30,48,6,60,30,66,12,204,72,12,60,252,102,48,48,60,66,72,132,42,42,36,186,6,6,66,156,96,6,78,24,42,12,42,114,222,180,162,84,120,6,180,54,126,306,204,12,84,114,12,54,78,18,78,24,114,6,240,18,30,480,30,96,312,72,66,54,168,234,66,48,168,54,6,252,66,54,108,6,72,12,186,30,126,18,294,150,126,66,360,18,12,12,54,180,12,120,54,18,114,276,24,138,108,138,12,168,90,24,210,174,102,282,24,366,240,66,66,12,18,30,24,54,420,84,426,108,192,348,132,42,144,246,66,66,132,36,12,90,6,6,204,192,162,252,18,276,6,42,90,42,48,30,72,84,414,258,18,18,84,54,102,210,48,72,354,66,18,102,66,102,12,12,48,54,96,516,300,90,246,24,6,36,150,240,300,174,18,6,168,108,6,114,90,168,12,276,180,36,18,42,282,6,48,504,72,168,174,18,24,180,48,288,72,336,396,126,18,42,96,24,54,42,18,120,48,6,114,138,102,72,12,168
544,3248,2208,80,744,248,4352,88,3432,128,512,640,336,2952,5512,864,4696,1504,1584,2896,12232,9968,3152,576,1160,4920,4280,1744,2928,168,4512,6752,280,2592,2152,584,2704,2928,4680,3024,2032,8672,5352,184,240,488,288,2272,2528,1824,3464,9416,2424,3920,824,120,744,944,656,3912,4184,496,7480,456,592,4272,10536,4520,2888,1696,2368,416,2232,2200,2160,1792,312,1528,3400,1648,10552,3976,1736,5160,6928,16168,64,672,2336,2040,12072,344,208,1336,2888,2888,4056,3760,888,5656,72,3784,2944,656,9440,2664,728,7672,920,16,3680,7576,1272,184,1672,6296,2232,1464,3128,3888,856,656,7120,1800,720,8568,5832,10408,5248,1184,22040,344,1424,4552,2056,8304,3432,120,4128,1624,2632,176,3480,336,6048,4536,4824,4376,56,448,2456,424,16648,160,504,56,4040,328,4664,2832,2808,960,2232,4232,664,40,2072,1872,4176,1288,4872,2200,5336,16,1840,1048,3832,4264,5360,3776,144,2576,1400,1088,1296,5728,5344,1656,32,1528,2616,6976,3344,888,1304,1528,5864,896,1192,1032,1248,4312,10536,520,1008,520,2976,1152,1312,1288,2056,736,176,672,336,3208,4024,1512,1256,1856,1744,3384,8984,3160,72,10264,3200,2168,560,1112,3424,4472,8632,5160,2360,2416,1152,808,8984,392,216,3056,672,2240,560,1296,3880,1344,1336,248,2504,304,160,2776,2584,392,4768,128,2040,1360,928,208,1800,1584,120,2648,168,1480,16,1816,2064,840,784,88,96,1368,3088,11136,1720,224,80,1720,640,1976,1008,1840,80,4304,24,2424,7248,1016,80,1048,160,9296,2080,1712,1376,1448,120,1392,464,3752,960,8840,1232,128,2512,1920,4232,760,384,192,1752,1984,7976,88,1624,1800,3176,4080,544,1720,96,616,1144,208,192,960,4240,504,2248,1056,2216,304,3696,3176,240,2480,2248,1704,264,72,1856,2400,1704,2256,512,4648,136,2632,552,3632,1856,2280,584,1904,1104,200,632,1568,3784,984,96,1808,760,104,576,72,2304,2384,152,792,1336,7000,2152,2760,3656,168,1720,560,1448,72,168,64,848,2128,80,64,336,1512,112,336,128,1688,72,424,1336,1048,280,776,328,1528,3272,3800,3456,472,2312,1224,272,144,1096,1504,224,5512,296,744,3584,16,80,16,48,2088,1472,1040,712,1512,472,1272,1656,392,2048,2824,88,32,4512,216,200,1800,2496,1096,1368,440,8536,696,1696,400,208,216,376,2536,920,88,3552,160,448,344,848,216,920,696,792,240,512,632,2008,552,2384,8,632,1120,416,2384,3040,4472,4952,360,240,432,856,320,480,520,256,248,1808,232,664,408,240,48,328,696,128,224,384,392,1416,216,272,232,256,744,1096,2392,1696,848,8,56,248,16,208,280,792,1344,48,560,624,160,920,48,1272,1032,40,328,112,296,136,240,40,72,216,328,2456,600,64,176,296,24,272,312,152,8,72,64,800,256,472,896,352,1368,64,8,144,1304,24,96,88,136,128,392,368,64,24,272,32,104,112,48,224,24,96,72,144,96,296,40,48,8,192,96,176,80,72,24,136,96,136,200,80,16,80,16,272,104,32,32,16,16,32,224,112,16,120,248,24,280,96,32,32,24,64,48,184,128,64,72,72,96,56,232,136,24,32,240,24,40,88,136,216,80,120,64,24,96,136,40,144,64,80,16,64,48,24,184,160,120,224,144,48,72,16,32,64,136,288,96,96,32,32,16,72,176,128,48,40,64,72,72,16,80,32,56,56,104,40,120,208,40,104,96,144,32,32,256,24,16,96,48,64,32,32,224,48,40,40,8,24,56,16,48,88,8,88,56,88,40,24,24,24,120,48,8,72,96,128,112,16,32,16,104,112,128,16,16,32,96,8,40,24,24,64,16,24,72,40,32,32,24,8,136,48,40,8,16,16,48,64,16,8,8,16,8,32,8,24,16,16,40,8,64,16,8,40,120,16,8,16,8,56,16,24,8,8,8,16,40,64,8,16,16,32,16,24,8,32,64,8,16,72,48,24,8,24,48,24,32,8,16,40,8,40,88,8,40,32,8,8,8,24,40,8,32,16,16,24,8,16,8,8,24,40,16,24,8,16,8,16,64,8,16,8,8,8,16,8,8,8,48,8,16,16,8,40,8,16,16,32,8,32,8,32,8,8,24,16,64,24,8,16,24,32,16,32,8,16,32,8,8,8,8,8,40,24,24,40,40,24,16,8,8,8,8,16,8,8,24,16,8,16,16,16,8,8,8,24,40,24,40,8,8,8,8,24,40,16,8,32,8,16,32,24,40,40,16,8,8,16,24,32,8,16,8,8,16,8,8,8,8,16,8,8,8,16,16,8,8,8,8,8,8,24,8,16,8,16,8,8,24,8,8,8,8,16,16,8,24,16,16,16,8,8,8,24,24,24,8,24,24,8,8,16,16,8,24,8,8,8,24,8,8,8,16,16,8,16,8,16,8,40,8,8,8,40,8,8,16,16,8
132,246,2010,1080,798,1260,228,198,1062,936,630,2088,1482,1992,1698,150,276,2730,1158,732,138,282,2328,1266,1368,120,750,114,2172,534,900,1410,942,342,420,48,336,1392,654,1710,312,1080,306,534,3024,630,648,234,168,78,612,150,678,1566,984,702,630,1146,642,72,1050,510,576,120,336,618,300,1566,504,852,468,2262,2118,1110,96,2022,2310,144,858,60,336,702,1350,504,528,336,1404,288,870,6,426,1074,918,144,432,12,210,396,2280,2310,984,1170,132,102,1074,1302,1554,1086,270,84,192,126,78,12,54,138,198,72,810,288,18,72,900,6,660,1236,1440,1872,726,210,1770,1014,264,996,396,462,342,702,1668,918,264,1770,258,216,210,138,444,48,324,3528,4590,18,138,282,120,66,1908,270,2070,1296,240,90,708,1818,522,1944,222,912,1224,708,1326,1614,78,1176,36,2532,720,582,270,1122,894,450,972,210,114,1038,1284,114,1302,2016,636,1068,2238,306,3084,3132,1248,354,660,1272,6,1056,54,2718,1206,1866,126,12,1152,1338,2148,2358,702,660,72,48,216,408,876,84,996,246,12,1920,642,930,54,270,96,468,114,450,1626,282,42,294,264,54,264,228,42,96,132,168,396,36,582,1074,354,804,840,702,138,162,126,162,360,6,1248,2424,288,678,624,12,144,2172,1032,3486,828,972,174,5310,174,564,84,96,414,540,942,1554,1764,1608,1326,1788,852,474,576,6,1344,48,120,696,984,450,1116,1122,1470,1320,1134,2784,786,2304,294,2094,228,1608,192,2118,4410,486,96,894,1860,294,126,426,168,12,180,48,60,408,930,102,516,498,30,78,66,60,18,60,36,150,96,198,1518,2778,534,1056,1788,1026,930,1518,216,840,1122,582,72,504,6,312,282,108,138,186,6,1068,18,54,492,144,72,276,324,66,36,114,282,60,228,6,354,72,126,66,192,24,144,222,174,108,186,78,30,186,96,30,30,138,246,126,90,66,72,180,12,72,18,138,816,384,930,828,2010,228,1560,204,72,510,24,444,246,186,78,90,270,126,234,594,114,1200,870,5310,1800,672,108,24,6,60,120,84,6,36,6,42,18,84,258,48,408,66,102,132,114,78,390,156,342,30,420,24,126,114,12,228,354,24,18,48,30,30,36,228,114,6,24,6,126,84,30,36,24,66,54,48,30,18,234,12,78,6,30,102,78,12,96,6,150,234,198,48,114,24,72,198,54,102,84,12,96,114,192,30,90,24,108,30,18,102,6,54,114,6,18,24,78,144,30,72,12,168,102,6,12,24,72,60,6,222,42,72,60,12,120,162,120,6,30,90,12,66,84,150,18,6,54,12,18,54,30,24,18,6,6,24,6,30,96,24,24,30,78,24,42,138,18,90,12,36,12,84,24,6,78,6,36,132,120,24,54,24,6,30,18,6,156,48,54,18,72,48,18,48,42,72,6,24,114,54,6,30,36,90,60,24,72,18,90,6,36,6,48,6,36,6,48,72,18,12,48,36,6,54,66,18,12,12,66,6,60,12,12,6,18,12,12,6,12,54,12,24,6,12,42,42,6,6,42,6,36,12,6,42,12,6,18,36,6,12,30,30,6,36,78,6,42,42,60,6,12,42,6,24,36,30,6,36,84,42,18,6,48,18,24,6,36,54,6,6,36,18,36,42,96,60,6,24,48,18,24,18,18,6,36,36,18,18,6,24,18,18,6,24,6,12,12,78,30,18,6,12,30,12,30,18,6,6,6,12,18,30,6,6,6,6,12,18,6,12,6,48,30,48,30,66,24,18,6,12,6,24,18,42,18,18,42,18,12,6,18,54,6,24,6,12,18,6,6,6,36,12,6,6,36,6,12,6,6,12,6,48,6,12,6,12,24,18,30,6,6,6,6,12,24,24,6,6,6,24,18,6,18,6,12,6,6,6,6,18,12,12,6,12,30,18,42,6,6,18,24,18,6,12,12,6,6,12,12,18,6,18,24,12,12,6,12,6,12,6,24,6,12,12,6,18,6,24,12,6,6,6,12,24,36,12,6,12,18,18,6,6,6,12,6,6,6,12,6,12,6,6,6,6,12,6,12,6,12,24,12,24,12,6,6,12,18,6,18,36,12,6,6,6,6,6,6,6,6,6,6,6,6,6,6,6,6,6,6,6,18,6,6,12,6,18,12,12,12,6,6,24,6,6,6,30,6,6,6,6,12,6,6,24,6,6,12,6,12,6,6,6,6,6,6,12,12,18,12,12,6,6,6,6,6,12,6,6,6,6,6,6,6,6,6,12,24,12,6,12,6,18,6,30,12,6,6,42,6,6,6,12,12,18,6,12,6,6,24,24,6,18,6,6,30,6,24,6,12,12
132,246,2010,1080,798,1260,228,198,1062,936,786,402,516,5166,96,18,3582,426,1368,174,1128,258,2346,234,504,72,90,498,396,624,378,198,750,114,1836,336,1962,1992,324,396,24,1038,2922,2514,318,666,978,996,846,1686,1494,624,1038,3288,696,1050,270,1842,2118,1074,1182,1098,3270,462,210,3216,1074,1104,270,2946,534,1584,30,1212,1068,1950,498,576,1884,1734,1602,1116,1986,186,906,282,1470,84,1098,42,702,4170,222,1260,102,162,462,1506,258,216,150,84,1416,300,330,48,414,672,414,96,30,618,684,660,564,402,132,570,504,84,336,1530,96,3450,1914,156,174,114,24,1050,30,450,408,300,240,834,114,408,96,108,120,150,138,672,288,186,6,462,96,324,48,678,144,96,60,162,78,12,180,186,492,3732,174,828,612,492,12,1494,6,450,210,384,276,642,84,324,258,48,414,210,390,894,534,504,54,120,132,156,516,204,408,186,24,30,48,180,144,1002,276,18,144,174,102,114,276,84,96,1116,1458,2508,528,342,198,654,24,96,330,168,534,654,492,156,378,36,228,24,6,390,198,240,72,840,810,762,66,30,180,54,108,330,198,96,720,60,174,84,174,120,24,12,168,126,12,120,324,72,666,18,54,144,6,174,138,60,48,102,138,330,6,96,24,36,102,108,222,6,486,42,60,78,600,162,114,12,42,90,102,372,282,66,156,246,102,18,78,204,528,96,150,12,96,30,48,90,24,48,36,300,144,48,102,138,114,12,198,210,54,96,36,192,60,42,12,24,24,12,174,198,102,18,12,90,564,516,144,12,252,24,264,66,276,18,108,36,48,6,24,96,30,54,432,60,162,66,258,42,168,342,198,150,180,12,150,12,324,156,24,132,738,36,66,12,66,156,72,54,18,168,528,276,108,42,360,114,42,60,36,24,102,174,18,78,60,114,150,96,48,36,54,30,36,36,6,72,108,36,378,36,60,78,138,108,6,132,108,24,24,30,24,120,30,72,18,30,48,120,30,294,54,108,12,30,84,114,192,72,12,36,42,6,162,132,12,12,12,48,114,312,24,18,84,96,12,6,36,114,60,48,42,294,42,30,54,54,24,198,378,60,54,18,6,30,6,120,66,24,6,54,42,78,54,72,270,72,6,36,126,96,18,24,72,18,30,12,6,84,96,18,54,66,24,12,54,132,42,36,24,18,18,6,30,30,102,102,60,60,12,18,216,18,36,54,42,54,120,108,18,78,24,6,156,114,72,30,30,228,54,6,120,48,60,6,204,156,18,102,54,180,60,6,30,6,102,132,30,36,12,24,108,12,6,24,30,114,96,12,12,30,84,30,60,84,78,6,24,6,144,54,30,120,36,30,42,36,36,6,102,18,6,12,30,66,18,54,42,18,72,54,18,162,12,66,24,6,18,96,48,18,210,12,24,6,30,18,54,12,60,54,18,36,18,12,42,6,6,48,54,18,12,12,54,6,6,36,18,18,60,18,96,12,12,66,66,96,18,6,54,12,18,12,78,18,48,18,18,18,12,96,6,36,42,6,36,6,42,114,90,18,18,6,6,12,12,24,12,6,30,18,24,6,42,30,18,12,6,54,12,90,12,6,12,18,36,30,12,12,18,30,24,30,30,72,24,30,48,24,6,54,18,24,54,36,6,12,48,18,12,12,24,6,6,30,42,36,36,42,6,24,18,30,36,18,6,36,18,6,54,6,12,6,6,12,18,12,24,30,24,66,24,12,18,18,18,48,18,18,42,30,6,18,12,6,36,12,30,6,24,6,18,18,6,12,12,18,66,18,24,12,12,36,18,6,78,6,12,54,12,12,12,12,6,24,12,24,36,36,12,54,36,12,48,18,6,18,6,18,18,12,12,6,24,6,12,12,30,6,12,18,12,12,24,6,6,6,36,6,6,30,6,6,6,6,12,6,24,36,6,6,6,6,12,6,6,12,12,6,36,18,6,6,12,6,6,6,12,12,12,6,6,6,6,12,6,12,12,6,12,24,6,6,36,6,6,6,6,6,6,6,6,6,6,12,6,24,6,12,12,6,18,12,12,18,18,24,12,48,6,6,6,6,6,24,18,30,18,6,6,6,18,6,12,6,6,12,36,6,12,6,6,6,6,12,24,6,6,12,12,12,6,6,6,6,12,12,30,6,6,18,6,30,18,6,6,12,6,6,6,6,30,24,12,6,12,18,6,6,6,12,6,6,24,6,30,6,6,12,6,6,6,6,12,6,6,6,6,36,6,12,6,6,6,6,6,6,6,36,6,6,12,12,6,12,12,18,24,6,36,12,6,12
